{
    "rmse": 0.707437396741405,
    "mae": 0.5566686523765713,
    "r2": 0.2550543463289032
}