{
    "rmse": 0.695822447312654,
    "mae": 0.5462593316730946,
    "r2": 0.2251706534678266
}